"3874"	[1533784610000000000, "2018-05-01"]
"130"	[200216494270066373370, "2017-07-01"]
"3637"	[32044407770000000000, "2018-06-01"]
"3033"	[1000000000000000000, "2018-03-01"]
"5429"	[500000000000000000, "2018-08-01"]
"3714"	[17122123290000000000, "2018-05-01"]
"5155"	[10449865690000000000, "2018-08-01"]
"6080"	[71950723345050000000, "2018-12-01"]
"4302"	[4000000000000000000, "2018-06-01"]
"2207"	[124000000000000000, "2017-09-01"]
"4001"	[1727102420000000000, "2018-06-01"]
"3305"	[26202782880000000000, "2018-04-01"]
"5371"	[3088824000000000000, "2018-08-01"]
"3907"	[53160293030690872312, "2018-03-01"]
"3518"	[17477866090000000000, "2018-05-01"]
"4050"	[30233756430000000000, "2018-06-01"]
"2880"	[2000000000000000000, "2018-02-01"]
"3644"	[13652199863347578257, "2018-05-01"]
"5370"	[900000000000000000, "2018-08-01"]
"4182"	[38641428320000000000, "2018-06-01"]
"3255"	[21526013099043713344, "2018-03-01"]
"4356"	[5147557175000000000, "2018-06-01"]
"3814"	[5686874247021080312, "2018-05-01"]
"2973"	[45440575976143276067, "2018-03-01"]
"4643"	[1000000000000000, "2018-07-01"]
"4201"	[3316100000000000000, "2018-03-01"]
"5095"	[647108200000000000, "2018-08-01"]
"3212"	[32092830300099999936, "2018-04-01"]
"4984"	[1219940120000000000, "2018-08-01"]
"5656"	[4000000000000000, "2018-09-01"]
"6197"	[2000000000000000000, "2019-01-01"]
"4155"	[17005029436669316011, "2018-10-01"]
"4332"	[3615937475000000000, "2018-07-01"]
"5331"	[19724392347980929400, "2018-08-01"]
"3124"	[46526808863430471330, "2018-03-01"]
"2435"	[3180000000000000000, "2017-11-01"]
"2137"	[608864310392049734534, "2017-08-01"]
"3942"	[1659665420000000000, "2018-05-01"]
"3310"	[35094836817391306492, "2018-04-01"]
"4847"	[500000000000000000, "2018-07-01"]
"5560"	[6226469052000000000, "2018-04-01"]
"3094"	[19940025750000000000, "2018-03-01"]
"2485"	[112873040000000000, "2017-11-01"]
"3231"	[12269570000000000, "2017-12-01"]
"4116"	[10000000000000000, "2018-06-01"]
"5328"	[1099001000000000000, "2018-08-01"]
"6132"	[5276594112000000000, "2018-06-01"]
"5547"	[17791650553896446792, "2018-09-01"]
"4923"	[554918690000000000, "2018-07-01"]
"5176"	[4045874000000000000, "2018-08-01"]
"5142"	[1796196820000000000, "2018-08-01"]
"5427"	[2000665020000000000, "2018-08-01"]
"5896"	[408515400000000000, "2018-09-01"]
"3084"	[28653139930000000000, "2018-03-01"]
"5632"	[14253000000000000000, "2018-09-01"]
"3131"	[181065002145002145, "2018-03-01"]
"4851"	[2878906640000000000, "2018-07-01"]
"4037"	[6928731540000000000, "2018-05-01"]
"2654"	[65117382830038106240, "2018-01-01"]
"6905"	[3364680510000000000, "2018-06-01"]
"2236"	[28434401649000000000, "2017-09-01"]
"3986"	[2875302380000000000, "2018-06-01"]
"2361"	[91518629799415965619, "2017-11-01"]
"1213"	[90000000000000000, "2017-05-01"]
"5900"	[7850936080000000000, "2018-10-01"]
"6236"	[18509949097639981, "2019-01-01"]
"4495"	[11153031300000000000, "2018-07-01"]
"2143"	[47230070958027250000, "2017-08-01"]
"4497"	[25130784240000000000, "2018-07-01"]
"6778"	[195000000000000000, "2019-06-01"]
"3905"	[3891174053610000000, "2018-05-01"]
"5252"	[94000000000000000, "2018-08-01"]
"3604"	[28281732450000000000, "2018-05-01"]
"4479"	[5990107130000000000, "2018-07-01"]
"4829"	[704647010000000000, "2018-08-01"]
"6697"	[2898650000000000000, "2019-05-01"]
"3234"	[2558287370000000000, "2018-04-01"]
"3365"	[51863199920000000000, "2018-05-01"]
"3282"	[33527620320000000000, "2018-04-01"]
"6631"	[108007925028465243648, "2019-04-01"]
"3869"	[1629674320000000000, "2018-05-01"]
"5081"	[10000000000000000000, "2018-08-01"]
"4190"	[241660302945355, "2018-06-01"]
"4366"	[4386720000000000000, "2018-06-01"]
"4373"	[4936621360000000000, "2018-07-01"]
"2135"	[1279055397342374727223, "2017-08-01"]
"3073"	[13051715079000000000, "2018-03-01"]
"2868"	[10314879115071264885, "2018-02-01"]
"2817"	[500000000000000000, "2018-02-01"]
"6"	[13541267000000000, "2017-09-01"]
"4662"	[510000000000000000, "2018-07-01"]
"5866"	[68924240000000000, "2018-09-01"]
"2385"	[103801698590000000000, "2017-10-01"]
"5762"	[2650000000000000000, "2018-09-01"]
"5401"	[56410350000000000, "2018-08-01"]
"2553"	[6446070000000000, "2019-06-01"]
"2607"	[39563929784863650350, "2017-12-01"]
"3642"	[11843526210000000000, "2018-06-01"]
"6077"	[1235512230000000000, "2018-11-01"]
"5426"	[947554010000000000, "2018-04-01"]
"4236"	[22734281290000000028, "2018-07-01"]
"2891"	[39437288415000000000, "2018-02-01"]
"6040"	[3895876633342646200, "2018-11-01"]
"5431"	[1955033000000000000, "2018-03-01"]
"3827"	[500000000000000000, "2018-05-01"]
"5391"	[770000000000000000, "2018-06-01"]
"2204"	[133700186003000000000, "2017-09-01"]
"3436"	[7004749840000000000, "2018-05-01"]
"5353"	[1700000000000000000, "2018-09-01"]
"2169"	[122585236363552678436, "2017-09-01"]
"4394"	[88224134179947573898, "2018-06-01"]
"4189"	[10970524160000000000, "2018-06-01"]
"3460"	[3010000000000000000, "2018-04-01"]
"4297"	[7488167772228009304, "2018-08-01"]
"3636"	[8683581430000000000, "2018-05-01"]
"3144"	[35922565600000000000, "2018-03-01"]
"5021"	[2490000000000000000, "2018-08-01"]
"3682"	[14747287545000000000, "2018-05-01"]
"6043"	[1546368740000000000, "2019-02-01"]
"6647"	[7026055760000000000, "2019-04-01"]
"2895"	[3015000000000000000, "2018-02-01"]
"6270"	[1987916000000000000, "2018-12-01"]
"2878"	[26378000000000000000, "2018-02-01"]
"6547"	[7315418449247080133, "2019-06-01"]
"5560"	[3767522227973386796, "2018-05-01"]
"3587"	[1771000000000000000, "2018-05-01"]
"5249"	[5677767470000000000, "2018-08-01"]
"2565"	[2500000000000000000, "2017-12-01"]
"4941"	[2046617490000000000, "2018-07-01"]
"5536"	[200000000000000000, "2018-09-01"]
"5037"	[1065698770000000000, "2018-08-01"]
"5402"	[500000000000000000, "2018-08-01"]
"2345"	[44679249140000000000, "2017-10-01"]
"3978"	[21275347612725632642, "2018-06-01"]
"2831"	[17431715000000000000, "2018-02-01"]
"5395"	[250000000000000000, "2018-08-01"]
"6612"	[6190000000000000000, "2019-04-01"]
"6094"	[73195020000000000, "2018-11-01"]
"3689"	[4070000000000000000, "2018-05-01"]
"3389"	[25652160312389142810, "2018-04-01"]
"2688"	[58192040518279222537, "2018-01-01"]
"5756"	[30400306980000000007, "2018-09-01"]
"2568"	[150000000000000000, "2017-12-01"]
"4440"	[9760941240000000000, "2018-06-01"]
"5447"	[994000000000000000, "2018-08-01"]
"6211"	[4854857850000000000, "2018-12-01"]
"3979"	[51111920199000000000, "2018-05-01"]
"6482"	[11502316370000000000, "2019-03-01"]
"4627"	[500000000000000000, "2018-07-01"]
"2723"	[20743289803125129658, "2018-01-01"]
"2851"	[15355000000000000000, "2018-02-01"]
"2518"	[870000000000000000, "2017-12-01"]
"3597"	[4110000000000000000, "2018-05-01"]
"6025"	[6563731690000000000, "2018-10-01"]
"6650"	[460337964965120, "2019-06-01"]
"4275"	[538451000000000000, "2018-06-01"]
"4442"	[3713996440000000000, "2018-07-01"]
"5268"	[980290000000000000, "2018-08-01"]
"3558"	[23416560840000000000, "2018-05-01"]
"5590"	[1000000000000000000, "2018-09-01"]
"3650"	[900000000000000000, "2018-05-01"]
"3734"	[3343089360000000000, "2018-05-01"]
"3032"	[27900571480000000000, "2018-05-01"]
"5747"	[1000000000000000000, "2018-09-01"]
"4747"	[2342189276684296350, "2018-07-01"]
"6801"	[15473157626991936000, "2019-06-01"]
"2247"	[51896642488001976567, "2017-09-01"]
"5448"	[500000000000000000, "2018-08-01"]
"47"	[182674023323763268000, "2017-06-01"]
"3556"	[23680950395667486368, "2018-05-01"]
"4481"	[147934323228795966697, "2018-07-01"]
"2363"	[5500000000000000000, "2017-10-01"]
"4762"	[990000000000000000, "2018-07-01"]
"4610"	[7686026000000000000, "2018-07-01"]
"3713"	[26980532843738344395, "2018-05-01"]
"5362"	[59814250000000000, "2018-08-01"]
"3957"	[6941192810000000000, "2018-06-01"]
"3435"	[22933589300000000000, "2018-04-01"]
"4172"	[990559380000000000, "2018-06-01"]
"3091"	[1996006490000000000, "2018-03-01"]
"4945"	[19333220790000000000, "2018-07-01"]
"4984"	[6378292670000000000, "2018-08-01"]
"4900"	[3000000000000000000, "2018-08-01"]
"3047"	[3562282520000000000, "2018-03-01"]
"4086"	[1999517000000000000, "2018-05-01"]
"3947"	[22698571335864898526, "2018-03-01"]
"2628"	[76185828826995026514, "2018-12-01"]
"4247"	[10000000000000000000, "2018-06-01"]
"4874"	[8918400960000000000, "2018-08-01"]
"3049"	[44762543450000000000, "2018-03-01"]
"2189"	[10000000000000, "2017-09-01"]
"2194"	[148591421140200000000, "2017-09-01"]
"6130"	[19686911553828441940, "2018-07-01"]
"2674"	[3287400000000000000, "2018-01-01"]
"4403"	[7685191800000000000, "2018-06-01"]
"4593"	[24960468556664240011, "2018-07-01"]
"3333"	[999916000000000000, "2018-04-01"]
"3027"	[45650803462177021799, "2018-03-01"]
"6804"	[1652000000000000000, "2019-06-01"]
"5378"	[1172387200000000000, "2018-08-01"]
"3521"	[4200000000000000000, "2018-04-01"]
"3766"	[5990966180000000000, "2018-05-01"]
"3533"	[7243019750000000000, "2018-05-01"]
"2689"	[1297000000000000000, "2018-01-01"]
"6125"	[39224301261170267551, "2018-07-01"]
"3662"	[181683921000000000000, "2018-06-01"]
"5418"	[1961271430000000000, "2018-08-01"]
"4583"	[117316270682640000000, "2018-07-01"]
"5688"	[27385800000000000, "2018-09-01"]
"3096"	[25528078500000000000, "2018-03-01"]
"5498"	[2288005000000000000, "2018-08-01"]
"5371"	[3110278000000000000, "2018-08-01"]
"5244"	[2000000000000000000, "2018-08-01"]
"6072"	[6447880270000000000, "2018-05-01"]
"4785"	[23451561830000000000, "2018-07-01"]
"2809"	[12026000000000000000, "2018-02-01"]
"5176"	[6004883200000000000, "2018-08-01"]
"2135"	[127638960025838092158, "2017-08-01"]
"5470"	[70000000000000000, "2018-07-01"]
"5030"	[224781440000000000, "2018-08-01"]
"3298"	[40446788710000000000, "2018-04-01"]
"3265"	[59226900205981936288, "2018-04-01"]
"3995"	[4000000000000000000, "2018-05-01"]
"2536"	[11416289950000000000, "2017-12-01"]
"5403"	[549958000000000000, "2018-08-01"]
"2367"	[3100000000000000000, "2017-10-01"]
"3128"	[5426323190000000000, "2019-06-01"]
"4822"	[19838218386233026200, "2018-07-01"]
"4915"	[1000000000000000000, "2018-09-01"]
"3226"	[32376969850000000512, "2018-03-01"]
"3572"	[11525126980000000000, "2018-05-01"]
"3303"	[26404537499581260444, "2018-04-01"]
"3543"	[22861748697000000000, "2018-05-01"]
"3444"	[25128689990000000000, "2018-05-01"]
"3377"	[2568957860000000000, "2018-04-01"]
"5575"	[210000000000000000, "2018-09-01"]
"4630"	[29820317760000000000, "2018-07-01"]
"4625"	[36561473832432432524, "2018-07-01"]
"3299"	[1754646242000000000, "2018-04-01"]
"5854"	[1011002000000000000, "2018-09-01"]
"4557"	[8285311320000000000, "2018-07-01"]
"5611"	[4537927160000000000, "2018-09-01"]
"4725"	[53070251570000000000, "2018-07-01"]
"5949"	[500000000000000000, "2018-10-01"]
"6606"	[17529784852227761030, "2019-04-01"]
"6043"	[680000000000000000, "2018-10-01"]
"5492"	[776194000000000000, "2018-09-01"]
"5118"	[2087593900000000000, "2018-08-01"]
"6830"	[1052211940000000000, "2019-06-01"]
"2554"	[3779000000000000000, "2017-12-01"]
"4665"	[2761128000000000000, "2018-07-01"]
"3065"	[9974850070000000000, "2018-03-01"]
"5544"	[2100000000000000000, "2018-08-01"]
"3328"	[28212091975632109921, "2018-04-01"]
"2536"	[3815205010000000000, "2017-12-01"]
"5691"	[10736770777563820633, "2018-09-01"]
"2730"	[84200361652849608079, "2018-01-01"]
"5205"	[3515000000000000000, "2018-08-01"]
"3409"	[1902360896000000000, "2018-04-01"]
"2660"	[66936184710000000000, "2018-01-01"]
"5220"	[878300000000000000, "2018-09-01"]
"3671"	[47881865035476904107, "2018-05-01"]
"6753"	[3390937160802922716, "2019-06-01"]
"5736"	[3923124188348389828, "2018-10-01"]
"2463"	[943389220000000000, "2017-11-01"]
"6097"	[84868718370000000000, "2018-11-01"]
"4616"	[5620001080000000000, "2018-07-01"]
"6195"	[6083089350000000000, "2018-12-01"]
"2819"	[3931539000000000000, "2018-02-01"]
"3505"	[8875952893556085919, "2018-06-01"]
"5892"	[1097322140000000000, "2018-09-01"]
"3323"	[35590304257110983434, "2018-04-01"]
"6769"	[1668481180000000000, "2019-06-01"]
"4485"	[40754422550000000000, "2018-06-01"]
"2242"	[27396502353002496440, "2017-09-01"]
"5965"	[200000000000000000, "2018-10-01"]
"3715"	[51793494161276539704, "2018-05-01"]
"5739"	[16037380000000000000, "2018-09-01"]
"5099"	[2390000000000000000, "2018-08-01"]
"5003"	[3014839000000000000, "2018-08-01"]
"4482"	[37582710442000000000, "2018-07-01"]
"4441"	[3915261300000000001, "2018-06-01"]
"4353"	[280000000000000000, "2018-09-01"]
"4824"	[9431000000000000000, "2018-07-01"]
"4362"	[8781352410000000000, "2018-06-01"]
"3568"	[1255292420000000000, "2018-05-01"]
"5425"	[200000000000000000, "2018-02-01"]
"2995"	[86010823486875264397, "2018-04-01"]
"4407"	[4017774280000000000, "2018-07-01"]
"6527"	[7896788390000000000, "2019-03-01"]
"2258"	[120936228520841184437, "2018-03-01"]
"3827"	[586842360000000000, "2018-05-01"]
"5742"	[2000000000000000000, "2018-09-01"]
"3545"	[22933130300362402450, "2018-05-01"]
"2954"	[9047944384000000000, "2018-03-01"]
"5450"	[3328328370000000000, "2018-08-01"]
"3527"	[15610935910000000000, "2018-05-01"]
"5019"	[500000000000000000, "2018-08-01"]
"3408"	[1590610780000000000, "2018-04-01"]
"6821"	[2087919360000000000, "2019-06-01"]
"4173"	[10098042980000000000, "2018-06-01"]
"4622"	[89680307373238852992, "2019-05-01"]
"3408"	[4620000000000000000, "2018-04-01"]
"3046"	[2149828430000000000, "2018-03-01"]
"3868"	[848499433773376462, "2018-05-01"]
"2135"	[1086092910876542255474, "2019-06-01"]
"4262"	[13325189740000000000, "2018-06-01"]
"3643"	[4414041888000000000, "2018-05-01"]
"2582"	[309130660561296162608, "2018-05-01"]
"5441"	[7926695740000000000, "2018-08-01"]
"2349"	[54224358000000000000, "2017-10-01"]
"6780"	[14811993700000000000, "2018-10-01"]
"4755"	[7407787617068034050, "2018-07-01"]
"5524"	[1305746620000000000, "2018-10-01"]
"6680"	[8990633958000000000, "2019-06-01"]
"78"	[304492098554796481790, "2017-07-01"]
"4591"	[1095612000000000000, "2018-07-01"]
"4417"	[14305130310000000000, "2018-06-01"]
"5644"	[14252517000000000000, "2018-09-01"]
"6692"	[6850692117351102186, "2019-05-01"]
"3102"	[35294708403304477991, "2018-03-01"]
"6046"	[7107279830000000000, "2019-01-01"]
"4749"	[100000000000000000, "2018-07-01"]
"3571"	[25670207230000000000, "2018-04-01"]
"4415"	[500000000000000000, "2018-06-01"]
"3063"	[2000000000000000000, "2018-03-01"]
"3546"	[22916746339000000000, "2018-05-01"]
"2346"	[1500000000000000000, "2017-10-01"]
"5214"	[5000000000000000000, "2018-08-01"]
"3382"	[42599696800000000000, "2018-04-01"]
"3553"	[1755767548000000000, "2018-05-01"]
"3220"	[2301380000000000000, "2018-04-01"]
"4614"	[500000000000000000, "2018-07-01"]
"2833"	[6976084860000000000, "2018-02-01"]
"5613"	[2939000000000000000, "2018-09-01"]
"4693"	[5062017697000000000, "2018-07-01"]
"3487"	[13387694650000000000, "2018-04-01"]
"2459"	[140630000000000000, "2017-12-01"]
"2920"	[26248312945332336786, "2018-03-01"]
"5010"	[13495966001000000000, "2018-07-01"]
"5821"	[57303950000000000, "2018-10-01"]
"3944"	[39326554390000000000, "2018-03-01"]
"4281"	[1238318290000000000, "2018-06-01"]
"6599"	[4000000000000000000, "2019-04-01"]
"5248"	[1000000000000000000, "2018-08-01"]
"3676"	[342228680000000000, "2018-05-01"]
"2718"	[13423922787718969775, "2018-01-01"]
"3110"	[17410431650000000000, "2018-03-01"]
"5158"	[7740000000000000000, "2018-08-01"]
"4309"	[15506651973000000000, "2018-06-01"]
"6338"	[20966034701000000000, "2019-05-01"]
"4401"	[12306809480000000000, "2018-06-01"]
"5143"	[15629031670000000000, "2018-08-01"]
"5492"	[4586617722000000000, "2019-03-01"]
"4793"	[7650743780000000000, "2018-08-01"]
"2152"	[430554834542470421225, "2017-08-01"]
"3504"	[7830000000000000000, "2018-05-01"]
"4219"	[4428431570000000000, "2018-06-01"]
"3916"	[31359952666000000000, "2018-06-01"]
"2258"	[94550701858827583347, "2018-01-01"]
"2675"	[61210560090000000000, "2018-01-01"]
"4208"	[22290404215580889560, "2018-06-01"]
"2161"	[19340000000000000000, "2017-08-01"]
"3148"	[504000000000000000, "2018-03-01"]
"5238"	[2033321700000000000, "2018-08-01"]
"4228"	[4300000000000000000, "2018-05-01"]
"2687"	[101391470768089280699, "2018-01-01"]
"5227"	[35785829467696090082, "2018-08-01"]
"2460"	[200000000000000000, "2017-11-01"]
"5592"	[2498200000000000000, "2018-09-01"]
"3514"	[2070000000000000000, "2018-05-01"]
"6722"	[2144620000000000000, "2019-06-01"]
"4479"	[34581587440000000000, "2018-07-01"]
"6736"	[505000000000000000, "2019-05-01"]
"3238"	[7116873640000000000, "2018-04-01"]
"2173"	[107427604635842894891, "2017-09-01"]
"5475"	[2778444260000000000, "2018-08-01"]
"3792"	[14834167037607215470, "2018-06-01"]
"2807"	[68880546609941907383, "2018-02-01"]
"6029"	[18754468450000000000, "2018-11-01"]
"3898"	[4491964210000000000, "2018-05-01"]
"3158"	[69152975650000000000, "2018-03-01"]
"2182"	[31807220000000000000, "2017-09-01"]
"3064"	[10963550428274227224, "2018-03-01"]
"3219"	[14479882640000000000, "2018-04-01"]
"3895"	[15482371880000000000, "2018-05-01"]
"5005"	[608835310000000000, "2018-04-01"]
"5855"	[2690420000000000000, "2018-09-01"]
"4082"	[17293246150000000000, "2018-06-01"]
"3793"	[3098197390000000000, "2018-05-01"]
"5096"	[2524384170000000000, "2018-08-01"]
"5523"	[500000000000000000, "2018-08-01"]
"2406"	[25655064459489466000, "2017-12-01"]
"4632"	[11258355000000000, "2018-06-01"]
"3642"	[21735611910000000000, "2018-05-01"]
"4538"	[2771731430000000000, "2018-06-01"]
"4421"	[8190000000000000000, "2018-06-01"]
"2237"	[7000000000000000000, "2017-09-01"]
"4502"	[21578699360000000000, "2018-07-01"]
"2854"	[6689000000000000000, "2018-02-01"]
"3489"	[6526449374777777777, "2018-04-01"]
"5834"	[505000000000000000, "2018-09-01"]
"6341"	[305000000000000000, "2019-01-01"]
"2433"	[22084793019617481229, "2018-06-01"]
"5660"	[500010000000000000, "2018-09-01"]
"3367"	[38961000000000000000, "2018-04-01"]
"5299"	[1015000000000000000, "2018-08-01"]
"4297"	[4664019390000000000, "2018-07-01"]
"5497"	[495000000000000000, "2018-08-01"]
"3060"	[36752172320000000000, "2018-03-01"]
"6087"	[1000000000000000000, "2018-11-01"]
"2369"	[15000000000000000000, "2017-10-01"]
"4421"	[3139220850000000000, "2018-06-01"]
"4399"	[50000000000000, "2018-06-01"]
"5773"	[350000000000000000, "2018-10-01"]
"4944"	[5253157320000000000, "2018-07-01"]
"2458"	[1000000000000000000, "2017-11-01"]
"6377"	[2144966880000000000, "2019-01-01"]
"4526"	[555972880000000000, "2018-07-01"]
"5397"	[15334511560000000000, "2018-12-01"]
"5780"	[4682906600000000000, "2018-09-01"]
"6289"	[11711245590000000000, "2019-01-01"]
"6671"	[366124862200000000, "2019-05-01"]
"4869"	[4370706393000000000, "2018-07-01"]
"3382"	[4989505650000000000, "2018-04-01"]
"4561"	[14652437396000000000, "2018-07-01"]
"5399"	[1000000000000000000, "2018-08-01"]
"4293"	[11582161860000000000, "2018-06-01"]
"4968"	[16420088040000000000, "2018-07-01"]
"4266"	[20672304768000000000, "2018-06-01"]
"6558"	[1090000000000000000, "2019-03-01"]
"5041"	[11380443360000000000, "2018-08-01"]
"3657"	[1315308020000000000, "2018-05-01"]
"6459"	[13814539222328862564, "2019-03-01"]
"3188"	[549912140000000000, "2018-04-01"]
"6806"	[17044333932513125000, "2019-06-01"]
"2917"	[51125900990000000128, "2018-02-01"]
"4894"	[1023530470000000000, "2018-07-01"]
"4452"	[25535440948512499700, "2018-06-01"]
"5354"	[70000000000000000, "2018-08-01"]
"3964"	[15429034480000000000, "2018-04-01"]
"3482"	[37111524920000000012, "2018-04-01"]
"4413"	[143879949763297910849, "2019-06-01"]
"4528"	[210000000000000, "2018-08-01"]
"4269"	[2649465000000000000, "2018-06-01"]
"5778"	[500000000000000000, "2018-09-01"]
"2540"	[28073041890000000000, "2017-12-01"]
"3910"	[2803929230000000000, "2018-05-01"]
"4004"	[4210979651991485280, "2018-06-01"]
"2359"	[210188266728000000000, "2017-10-01"]
"3385"	[13931501800000000000, "2018-04-01"]
"5091"	[2695142150000000000, "2018-07-01"]
"2958"	[310000000000000000, "2018-02-01"]
"4682"	[2238605114000000000, "2018-07-01"]
"6811"	[11146440260000000000, "2019-06-01"]
"4359"	[21071648640000000000, "2018-06-01"]
"2645"	[36669664048000000000, "2018-01-01"]
"6546"	[140797114880722339825, "2019-05-01"]
"5623"	[500000000000000000, "2018-09-01"]
"3853"	[37261589250000000000, "2018-05-01"]
"4278"	[1967955790000000000, "2018-06-01"]
"4921"	[2600000000000000000, "2018-07-01"]
"4766"	[32152202541987653318, "2018-07-01"]
"5558"	[2695374410000000000, "2018-07-01"]
"6173"	[500000000000000000, "2018-11-01"]
"5663"	[7867808220000000000, "2018-09-01"]
"3703"	[2130330770000000000, "2018-05-01"]
"2931"	[1000000000000000000, "2018-02-01"]
"6659"	[5129285734842321822, "2019-06-01"]
"2676"	[34052047192436334259, "2018-02-01"]
"6056"	[25967086820000000000, "2018-10-01"]
"5002"	[13149842314932033983, "2018-08-01"]
"2362"	[15169790000000000000, "2017-11-01"]
"4503"	[32100000000000000000, "2018-06-01"]
"2444"	[500000000000000000, "2017-11-01"]
"5280"	[1630359000000000000, "2018-08-01"]
"6214"	[4861229115000000000, "2018-12-01"]
"3386"	[17880179770000000000, "2018-04-01"]
"2978"	[18734766080740316934, "2018-03-01"]
"6865"	[4131790230000000000, "2019-06-01"]
"2151"	[1794868000000000000, "2017-08-01"]
"2722"	[40000000000000000, "2018-01-01"]
"2416"	[10100000000000000000, "2017-11-01"]
"3774"	[400000000000000, "2018-06-01"]
"3628"	[2519198550000000000, "2018-05-01"]
"3221"	[11519139000000000000, "2018-04-01"]
"5224"	[2300243360000000000, "2018-08-01"]
"4519"	[130089870000000000, "2018-07-01"]
"5496"	[590000000000000000, "2018-08-01"]
"3842"	[3690000000000000000, "2018-05-01"]
"6655"	[2000000000000000000, "2019-05-01"]
"3829"	[500000000000000000, "2018-05-01"]
"5948"	[129995282684989000, "2018-10-01"]
"3329"	[37182325474000000000, "2018-04-01"]
"2941"	[6000811000000000000, "2018-03-01"]
"6164"	[4029588240000000000, "2018-12-01"]
"5360"	[1009672305000000000, "2018-08-01"]
"3484"	[10239958815435466345, "2018-04-01"]
"3109"	[64686989560000000000, "2018-03-01"]
"4966"	[10589024340000000000, "2018-07-01"]
"5724"	[5967733870000000000, "2018-09-01"]
"4545"	[2092294370000000000, "2018-07-01"]
"5238"	[6232106360000000000, "2018-08-01"]
"3870"	[27993333150000000000, "2018-05-01"]
"6751"	[71618397976807079947, "2019-06-01"]
"3334"	[4370003010000000000, "2018-04-01"]
"2132"	[1213887393874270060501, "2017-07-01"]
"5585"	[1868863760000000000, "2018-09-01"]
"4585"	[48081010520000000000, "2018-07-01"]
"2402"	[12079717830000000000, "2017-11-01"]
"2755"	[500257000000000000, "2018-08-01"]
"3228"	[100000000000000000, "2018-04-01"]
"90"	[12419780000000000, "2017-07-01"]
"2661"	[9753475520000000000, "2018-01-01"]
"2574"	[860000000000000000, "2017-12-01"]
"2187"	[4841410260000000000, "2017-09-01"]
"5814"	[31291148800363240001, "2018-10-01"]
"5319"	[548640800000000000, "2018-08-01"]
"3797"	[27689277785000000000, "2018-05-01"]
"4555"	[57969626900000000000, "2019-05-01"]
"3993"	[6487553560000000000, "2018-06-01"]
"2956"	[5390000000000000000, "2018-02-01"]
"4933"	[200000000000000000, "2018-07-01"]
"4748"	[36673777464100000000, "2018-07-01"]
"4792"	[683003425603681, "2018-07-01"]
"5805"	[73349000000000000, "2018-09-01"]
"2619"	[2012379961475407632, "2018-01-01"]
"3095"	[1000000000000000, "2018-03-01"]
"3177"	[4026616942928525225, "2018-04-01"]
"5670"	[50947020605194574519, "2018-09-01"]
"2310"	[625993880562573479200, "2017-12-01"]
"3649"	[40664096076991434833, "2018-05-01"]
"3551"	[500000000000000000, "2018-05-01"]
"4066"	[17149697230000000000, "2018-06-01"]
"6815"	[1495000000000000000, "2019-06-01"]
"4926"	[23011153820000000000, "2018-07-01"]
"6148"	[4527924700000000000, "2018-09-01"]
"2623"	[68403104497621571550, "2018-01-01"]
"4597"	[521965000000000000, "2018-07-01"]
"3394"	[6998000000000000000, "2018-04-01"]
"3368"	[198857299560000000000, "2018-04-01"]
"6790"	[12044533690000000000, "2018-08-01"]
"3322"	[8156000000000000000, "2018-04-01"]
"5784"	[15973885530000000000, "2019-03-01"]
"4590"	[1617565000000000000, "2018-07-01"]
"6776"	[110000000000000000, "2019-06-01"]
"5175"	[666938520000000000, "2018-08-01"]
"3684"	[2330936500000000000, "2018-05-01"]
"6909"	[40000000000000000, "2019-01-01"]
"2154"	[218472597600335418368, "2017-12-01"]
"3607"	[305248750000000000, "2018-05-01"]
"3430"	[10692898510000000000, "2018-04-01"]
"6781"	[20701339440000000000, "2018-07-01"]
"2619"	[43675294091095000000, "2018-01-01"]
"3038"	[6451590600000000000, "2018-03-01"]
"3861"	[1000000000000000000, "2018-05-01"]
"3085"	[4134385610000000000, "2018-03-01"]
"2282"	[3450000000000000000, "2017-09-01"]
"4611"	[1186810820000000000, "2018-07-01"]
"3512"	[35001656164000000000, "2018-05-01"]
"2934"	[13076682868753162722, "2018-02-01"]
"6816"	[64047130000000000, "2019-06-01"]
"3753"	[500000000000000000, "2018-05-01"]
"2371"	[2000000000000000000, "2017-10-01"]
"4431"	[4598885510000000000, "2018-06-01"]
"4768"	[33011045639777777777, "2018-07-01"]
"2167"	[180822816017643766504, "2017-09-01"]
"6003"	[2595517690000000000, "2018-10-01"]
"3053"	[72591122880000000000, "2018-04-01"]
"4298"	[1892701945918409874, "2018-06-01"]
"5574"	[11000000000000000000, "2018-09-01"]
"31"	[1902199484949186112, "2017-07-01"]
"5538"	[1588709580000000000, "2018-09-01"]
"3706"	[200000000000000000, "2018-05-01"]
"3270"	[20199611660000000000, "2018-03-01"]
"5281"	[3500050370000000000, "2018-08-01"]
"3940"	[32866570560000000000, "2018-05-01"]
"5623"	[507000000000000000, "2018-09-01"]
"6824"	[1000000000000000000, "2019-06-01"]
"5620"	[350000000000000000, "2018-09-01"]
"6687"	[1263762002860000000, "2018-11-01"]
"3594"	[22057000000000000000, "2018-05-01"]
"5421"	[2079701750000000000, "2018-09-01"]
"4842"	[908745319777777777, "2018-07-01"]
"3239"	[38643330726000000000, "2018-04-01"]
"3233"	[5972748000000000000, "2018-04-01"]
"5297"	[100000000000000000, "2018-08-01"]
"3036"	[29431639106385863120, "2018-03-01"]
"4442"	[7190000000000000000, "2018-07-01"]
"6165"	[2010000000000000000, "2018-11-01"]
"2964"	[19874570468913037523, "2018-03-01"]
"4300"	[33703075702000000000, "2018-06-01"]
"3443"	[11590000000000000000, "2018-04-01"]
"4253"	[1610443890000000000, "2018-06-01"]
"5726"	[4706884983427416115, "2018-10-01"]
"3912"	[13460000000000000000, "2018-06-01"]
"5265"	[1021845090000000000, "2018-08-01"]
"4628"	[7249826250000000000, "2018-06-01"]
"5656"	[3517000000000000, "2018-09-01"]
"5818"	[3909555904750902, "2018-09-01"]
"3656"	[10806043065000000000, "2018-05-01"]
"5376"	[3990000000000000000, "2018-09-01"]
"2181"	[1163904128277001401314, "2017-09-01"]
"4372"	[4172210910000000000, "2018-07-01"]
"6054"	[9369140280000000000, "2018-10-01"]
"2165"	[421103441890417376440, "2018-05-01"]
"5643"	[528817940000000000, "2018-09-01"]
"3306"	[571280300000000000, "2018-04-01"]
"3551"	[29831900107274414217, "2018-05-01"]
"3851"	[7906699120000000000, "2018-05-01"]
"4367"	[14927220620000000000, "2018-06-01"]
"5820"	[563587313193105101199, "2018-10-01"]
"3482"	[5583744080000000000, "2018-05-01"]
"4030"	[3635883170000000000, "2018-06-01"]
"5504"	[1505998636000000000, "2018-09-01"]
"5498"	[1887837000000000000, "2018-08-01"]
"4410"	[12358939400000000000, "2018-06-01"]
"3951"	[500000000000000000, "2018-03-01"]
"6808"	[1317651920000000000, "2019-06-01"]
"4961"	[46277544972034056000, "2018-07-01"]
"3458"	[14831307551360787824, "2018-05-01"]
"5801"	[1279460000000000000, "2018-09-01"]
"5097"	[3450000000000000000, "2018-08-01"]
"6502"	[11874573438415858232, "2019-03-01"]
"6470"	[10529412499994624000, "2019-02-01"]
"3253"	[21418307638621588900, "2018-04-01"]
"4137"	[500000000000000000, "2018-06-01"]
"2175"	[30000000000000000, "2017-09-01"]
"2530"	[9616790000000000000, "2017-12-01"]
"2616"	[1440901500000000000, "2018-01-01"]
"6815"	[11100000000000000000, "2019-06-01"]
"6739"	[17115749420000000000, "2019-05-01"]
"6029"	[3000000000000000000, "2019-01-01"]
"4948"	[3759763000000000000, "2018-07-01"]
"3110"	[52300061892470549487, "2018-03-01"]
"3067"	[14147752080000000000, "2018-03-01"]
"3247"	[45639395200233600000, "2018-04-01"]
"4752"	[1561834500000000000, "2018-07-01"]
"2829"	[2330000000000000000, "2018-02-01"]
"6611"	[4493126390000000000, "2019-03-01"]
"3794"	[10817991730136820038, "2018-11-01"]
"3658"	[18274419020000000000, "2018-06-01"]
"2368"	[186848665703081676681, "2017-10-01"]
"2832"	[27405579413000000000, "2018-02-01"]
"4877"	[3269780200000000000, "2018-07-01"]
"3112"	[28945114320000000000, "2018-03-01"]
"4103"	[500000000000000000, "2018-06-01"]
"2155"	[170245597776379983419, "2017-10-01"]
"5207"	[1719240000000000, "2018-08-01"]
"4381"	[50000000000000000, "2018-06-01"]
"4221"	[25914708650827115285, "2018-05-01"]
"3037"	[199564418787311849458, "2019-06-01"]
"3099"	[33611413140000000000, "2018-03-01"]
"2621"	[4568368024000000000, "2018-01-01"]
"4297"	[1771984020000000000, "2018-08-01"]
"2400"	[2847377000000000000, "2017-10-01"]
"5681"	[11480000000000000000, "2018-09-01"]
"4232"	[5000000000000000, "2018-06-01"]
"6528"	[386581780000000000, "2019-03-01"]
"2961"	[3842000000000000000, "2018-03-01"]
"5949"	[5464552320000000000, "2018-10-01"]
"4875"	[1653713060000000000, "2018-07-01"]
"3479"	[505130950000000000, "2018-04-01"]
"3371"	[12958139692063769700, "2018-04-01"]
"5886"	[3127993540000000000, "2018-09-01"]
"6686"	[1000000000000000000, "2019-05-01"]
"6812"	[1404277051000000000, "2019-06-01"]
"4325"	[2302895000000000000, "2018-05-01"]
"6190"	[40281518030000000000, "2018-12-01"]
"3900"	[8365424450000000000, "2018-06-01"]
"6467"	[1000000000000000000, "2019-04-01"]
"3893"	[688121193556085919, "2018-06-01"]
"5236"	[12648430810000000000, "2018-08-01"]
"4936"	[8911736290000000000, "2018-07-01"]
"3111"	[24327661201525569707, "2019-01-01"]
"3659"	[50000000000000000, "2018-05-01"]
"2208"	[6192654880000000000, "2017-09-01"]
"4390"	[3243246661000000000, "2018-06-01"]
"3182"	[10947870280000000000, "2018-04-01"]
"3363"	[22607091342400256000, "2018-04-01"]
"5117"	[3956154150000000000, "2018-08-01"]
"2728"	[12855156910000000000, "2018-01-01"]
"2320"	[5000000000000000000, "2017-10-01"]
"2135"	[799198984446024595162, "2017-08-01"]
"3187"	[2441945804108513402, "2018-03-01"]
"6226"	[5460153444394659425, "2018-12-01"]
"3678"	[45948650000000000000, "2018-05-01"]
"4934"	[4236098690000000000, "2018-07-01"]
"4911"	[1100000000000000000, "2018-05-01"]
"4595"	[9033666870000000000, "2018-07-01"]
"4084"	[13271664090000000000, "2018-06-01"]
"4383"	[4303526287917737789, "2018-06-01"]
"2989"	[23286113400000000000, "2018-03-01"]
"5176"	[9622660880000000000, "2018-08-01"]
"2292"	[14289559000000000000, "2017-10-01"]
"5528"	[700000000000000000, "2018-09-01"]
"6874"	[1257815000000000000, "2019-06-01"]
"5772"	[5071209680000000000, "2018-09-01"]
"4203"	[9204000000000000000, "2018-06-01"]
"3997"	[15710147000000000000, "2018-05-01"]
"4560"	[15063587540000000000, "2018-07-01"]
"4407"	[10775652150000000000, "2018-08-01"]
"4316"	[13320950320000000000, "2018-06-01"]
"5103"	[3498345680000000000, "2018-08-01"]
"3776"	[20455154374000000000, "2018-05-01"]
"4237"	[10841766585144897994, "2018-06-01"]
"4224"	[1082978690000000000, "2018-04-01"]
"5013"	[5992165190000000000, "2018-08-01"]
"3504"	[1000000000000000000, "2018-04-01"]
"4257"	[1189522620000000000, "2018-06-01"]
"2397"	[500000000000000000, "2017-11-01"]
"5817"	[549734300000000000, "2018-09-01"]
"5298"	[800000000000000000, "2018-08-01"]
"360"	[51972541594608357823, "2017-10-01"]
"3056"	[9904113250000000000, "2018-03-01"]
"4621"	[9208885307000614700, "2018-07-01"]
"4622"	[195653135056000001024, "2018-07-01"]
"3854"	[6574424100000000000, "2018-05-01"]
"2857"	[600000000000000000, "2018-02-01"]
"3232"	[13246366080000000000, "2018-04-01"]
"2781"	[1201600000000000000, "2018-02-01"]
"2627"	[31005750091999999989, "2018-01-01"]
"5977"	[500000000000000000, "2018-10-01"]
"6204"	[1210000000000000000, "2018-12-01"]
"3411"	[2200000000000000000, "2018-04-01"]
"3300"	[1000000000000000000, "2018-04-01"]
"3503"	[14237767311500000000, "2019-05-01"]
"5799"	[4630183470000000000, "2018-09-01"]
"4479"	[32423837700000000000, "2018-07-01"]
"4751"	[1600000000000000000, "2018-08-01"]
"3597"	[16516933369000000000, "2018-05-01"]
"5807"	[500000000000000000, "2018-09-01"]
"3870"	[51568982050000000000, "2018-06-01"]
"2732"	[59675132863580259437, "2018-08-01"]
"5094"	[62111120000000000, "2018-08-01"]
"4871"	[3171848346532769556, "2018-07-01"]
"2303"	[7805000000000000000, "2017-10-01"]
"4910"	[1135000000000000000, "2018-07-01"]
"4349"	[5118705160000000000, "2018-06-01"]
"5092"	[63739390000000000, "2018-08-01"]
"5183"	[1000000000000000000, "2018-08-01"]
"2644"	[9215966274865905793, "2018-03-01"]
"4179"	[1500000000000000000, "2018-08-01"]
"4350"	[2140015230000000000, "2018-06-01"]
"5654"	[6757108390000000000, "2018-09-01"]
"5750"	[1792496400000000000, "2018-08-01"]
"5037"	[10972515050000000000, "2018-08-01"]
"2158"	[115280685251200000000, "2017-08-01"]
"5621"	[3651268684300519994, "2018-09-01"]
"3248"	[1690000000000000000, "2018-03-01"]
"2863"	[1931643080000000000, "2018-02-01"]
"4021"	[1620024250000000000, "2018-06-01"]
"3113"	[8765323050000000000, "2018-03-01"]
"5596"	[1038278000000000000, "2018-09-01"]
"5865"	[2688005000000000000, "2018-09-01"]
"5140"	[500000000000000000, "2018-08-01"]
"2431"	[83051555942545129658, "2018-01-01"]
"6294"	[103329259240000000000, "2019-06-01"]
"3264"	[500000000000000000, "2018-03-01"]
"6721"	[5826359110000000000, "2019-05-01"]
"4957"	[500000000000000000, "2018-07-01"]
"2575"	[29200000000000000, "2017-12-01"]
"2737"	[126311321274786846072, "2018-02-01"]
"3989"	[1309745900000000000, "2018-06-01"]
"3755"	[13568871043718749945, "2018-05-01"]
"6145"	[19518054700000000000, "2018-08-01"]
"2721"	[47743415803125129658, "2018-01-01"]
"6732"	[10090661110000000000, "2019-06-01"]
"3261"	[38186904260000000000, "2018-05-01"]
"2807"	[19520000000000000000, "2018-02-01"]
"3950"	[20000000000000000, "2018-03-01"]
"4057"	[5759099900000000000, "2018-06-01"]
"2459"	[26284615385000000000, "2017-12-01"]
"4870"	[1524096050000000000, "2018-07-01"]
"4946"	[50000000000000000, "2018-07-01"]
"3552"	[61733958917777777777, "2018-05-01"]
"2876"	[113876020000000000, "2018-02-01"]
"4536"	[556161390000000000, "2018-07-01"]
"90"	[93658400000000000, "2017-07-01"]
"3175"	[107419484015000000000, "2018-04-01"]
"5653"	[10201744750000000000, "2018-09-01"]
"3463"	[8460910543413479687, "2018-04-01"]
"6735"	[7355261570000000000, "2019-05-01"]
"3799"	[1694000000000000000, "2018-05-01"]
"3280"	[4717551000000000000, "2018-04-01"]
"2892"	[1250000000000000000, "2018-02-01"]
"3518"	[3173237050000000000, "2018-05-01"]
"4874"	[5148134180000000000, "2018-08-01"]
"6828"	[2027189749022984000, "2019-06-01"]
"2153"	[175645513528214598312, "2017-12-01"]
"5757"	[200000000000000, "2018-09-01"]
"5602"	[9618947700000000000, "2018-09-01"]
"4579"	[1276802990000000000, "2018-07-01"]
"5473"	[561672480000000000, "2018-08-01"]
"2796"	[1565880492786086040, "2018-02-01"]
"5720"	[496488330000000000000, "2019-02-01"]
"2426"	[50000000000000000, "2017-11-01"]
"6138"	[60718625000000000000, "2018-10-01"]
"4818"	[457100000000000000, "2018-09-01"]
"4654"	[3932384742000000000, "2018-07-01"]
"2579"	[163315792098209970978, "2017-12-01"]
"3999"	[245000000000000000, "2018-06-01"]
"5278"	[2750974679880000400, "2018-08-01"]
"2230"	[117000100000000000000, "2017-09-01"]
"6283"	[10820255979704470866, "2018-12-01"]
"5641"	[1632770510000000000, "2018-09-01"]
"5927"	[469000000000000000, "2018-10-01"]
"3824"	[21137468400000000000, "2018-05-01"]
"4148"	[2918644235439746918, "2018-10-01"]
"3641"	[38884441830000000000, "2018-05-01"]
"2999"	[52299610160000000000, "2018-03-01"]
"5505"	[3600221939200000000, "2018-10-01"]
"5661"	[50006740650338408, "2018-09-01"]
"3289"	[19508166910000000000, "2018-04-01"]
"4065"	[500000000000000000, "2018-06-01"]
"4432"	[27164368140000000000, "2018-07-01"]
"5144"	[2100000000000000000, "2018-08-01"]
"4692"	[1099596800000000000, "2018-06-01"]
"5305"	[2891915352419610658, "2018-08-01"]
"3080"	[1176459660000000000, "2018-03-01"]
"2841"	[24675896975500000128, "2018-11-01"]
"4590"	[7196916186999999997, "2018-07-01"]
"6532"	[4254347910000000000, "2019-03-01"]
"3912"	[130000000000000000, "2018-09-01"]
"4412"	[10570746791000000000, "2018-06-01"]
"5944"	[2000000000000000000, "2018-10-01"]
"4231"	[2605775710000000000, "2018-06-01"]
"5084"	[3956105750000000000, "2018-08-01"]
"2219"	[13000000000000000000, "2017-09-01"]
"41"	[1151303025790917525566, "2017-09-01"]
"4029"	[2604773960000000000, "2018-06-01"]
"3461"	[22712739340000000000, "2018-04-01"]
"4375"	[22486493250000000000, "2018-06-01"]
"2677"	[13653193882199781573, "2018-01-01"]
"4158"	[31902752050479945447, "2018-06-01"]
"3867"	[640000000000000000, "2018-05-01"]
"4479"	[12502383540000000000, "2018-07-01"]
"3071"	[13687458700000000000, "2018-03-01"]
"77"	[149273246049435000193, "2017-07-01"]
"4582"	[202116958591474596859, "2018-08-01"]
"5822"	[204843080000000000, "2018-04-01"]
"4182"	[16065384390000000000, "2018-06-01"]
"3362"	[27639897780000000000, "2018-04-01"]
"3537"	[1010000000000000000, "2018-05-01"]
"6351"	[12988920243724770560, "2019-01-01"]
"3194"	[29150149377720572782, "2018-04-01"]
"5236"	[52000000000000000000, "2018-08-01"]
"5659"	[31824768600000000000, "2018-09-01"]
"4052"	[119693660000000000, "2018-06-01"]
"3605"	[39224029000000000, "2018-05-01"]
"5728"	[1000000000000000000, "2018-09-01"]
"2935"	[500000000000000, "2018-03-01"]
"5818"	[1000000000000000000, "2018-09-01"]
"3412"	[3800000000000000000, "2018-04-01"]
"6197"	[18716233750000000000, "2018-12-01"]
"5215"	[5033222770000000000, "2018-09-01"]
"4530"	[66261030095428444815, "2019-02-01"]
"3340"	[24252626000000000000, "2018-06-01"]
"3481"	[24418410320000000000, "2018-05-01"]
"5044"	[3507467110000000000, "2018-08-01"]
"2132"	[150000000000000000, "2017-07-01"]
"5148"	[500000000000000000, "2018-08-01"]
"4080"	[58410318912000000000, "2018-06-01"]
"5403"	[8585626760000000000, "2018-08-01"]
"5306"	[500000000000000000, "2018-08-01"]
"4459"	[88657911790000000000, "2018-07-01"]
"3567"	[2407426200000000000, "2018-05-01"]
"2551"	[2426887790000000000, "2017-12-01"]
"3953"	[15715413379999979000, "2018-06-01"]
"3901"	[294503342216300983, "2018-05-01"]
"6189"	[22237692124852200013, "2018-12-01"]
"5761"	[1617537320000000000, "2018-09-01"]
"4258"	[99517000000000000, "2018-08-01"]
"2955"	[9504000000000000000, "2018-02-01"]
"5020"	[1005000000000000000, "2018-08-01"]
"4280"	[13953387869000000000, "2018-06-01"]
"4550"	[293943583809436611290, "2019-05-01"]
"4130"	[850000000000000000, "2018-08-01"]
"2139"	[6827057000000000000, "2017-08-01"]
"5795"	[611382037721775256849, "2018-10-01"]
"6848"	[3745721040000000000, "2019-06-01"]
"6784"	[1460419737019359785, "2019-06-01"]
"3631"	[3096139000000000000, "2018-05-01"]
"2933"	[27444900084815692883, "2018-02-01"]
"5722"	[550000000000000000, "2018-09-01"]
"2185"	[11930301985000000000, "2017-09-01"]
"5806"	[500000000000000000, "2018-09-01"]
"2627"	[2366932880000000000, "2018-01-01"]
"3381"	[12947625316299111415, "2018-04-01"]
"4609"	[11476089513888114100, "2018-06-01"]
"4022"	[520000000000000000, "2018-06-01"]
"3762"	[19577396410000000000, "2018-05-01"]
"2258"	[71563229575756759433, "2018-01-01"]
"3242"	[960845375505169526, "2018-03-01"]
"3502"	[15761080810000000000, "2018-06-01"]
"3190"	[4465048180000000000, "2018-04-01"]
"4679"	[501618870000000000, "2018-07-01"]
"5492"	[5522234510000000000, "2018-09-01"]
"5183"	[1248172830000000000, "2018-08-01"]
"4443"	[78931266309420017405, "2018-06-01"]
"2455"	[2060000000000000000, "2017-11-01"]
"3309"	[10616132000000000000, "2018-04-01"]
"2894"	[300000000000000000, "2018-02-01"]
"5452"	[2969000000000000, "2018-08-01"]
"6303"	[913185250000000000, "2019-01-01"]
"2915"	[36683959058536619272, "2018-02-01"]
"3208"	[510118000000000000, "2018-04-01"]
"3210"	[1291316620000000000, "2018-04-01"]
"6113"	[1104568580000000000, "2018-11-01"]
"4898"	[1000210000000000000, "2018-07-01"]
"4796"	[100000000000000000, "2018-06-01"]
"2258"	[251111613452572980828, "2017-11-01"]
"5770"	[3433000000000000, "2018-09-01"]
"5264"	[2099958000000000000, "2018-08-01"]
"3701"	[2669111260000000000, "2018-05-01"]
"3540"	[4163491370000000000, "2018-03-01"]
"2390"	[294426000000000000, "2018-02-01"]
"6601"	[8019174720000000000, "2019-04-01"]
"3918"	[11789018140000000000, "2018-06-01"]
"4596"	[153000000000000000, "2018-08-01"]
"6204"	[55775212470000000000, "2018-12-01"]
"3666"	[11834478170000000000, "2018-07-01"]
"2226"	[384000000000000000, "2017-09-01"]
"6001"	[4195965617553100500, "2018-10-01"]
"5581"	[510000000000000000, "2018-09-01"]
"3790"	[27000000000000000000, "2018-05-01"]
"5011"	[8534053530000000000, "2018-10-01"]
"6149"	[1020000000000000000, "2018-11-01"]
"2432"	[2085181690000000000, "2017-11-01"]
"4054"	[4000041964363454000, "2018-06-01"]
"6802"	[4601915310000000000, "2019-06-01"]
"3613"	[8608920530000000000, "2018-05-01"]
"6760"	[8005000000000000000, "2019-06-01"]
"6587"	[5077650480000000000, "2019-04-01"]
"3634"	[11411880250000000000, "2018-05-01"]
"3136"	[1861709700000000000, "2018-09-01"]
"5618"	[35490000000000000000, "2018-09-01"]
"5677"	[9554381034000000000, "2018-09-01"]
"3068"	[1623867668548375000, "2018-06-01"]
"3157"	[666474880000000000, "2018-03-01"]
"6594"	[28600000000000000000, "2019-04-01"]
"6458"	[517000000000000000, "2019-02-01"]
"3378"	[26847558340000000000, "2018-04-01"]
"4141"	[17641920160000000000, "2018-06-01"]
"5149"	[7988740000000000000, "2018-08-01"]
"4432"	[73695425373240678819, "2018-06-01"]
"3072"	[20112091790000000000, "2018-03-01"]
"2441"	[325000000000000000, "2017-11-01"]
"3440"	[38454763440000000000, "2018-04-01"]
"5376"	[3141880007777777777, "2018-08-01"]
"5108"	[32127580000000000, "2018-08-01"]
"4079"	[27112918610000000000, "2018-06-01"]
"5780"	[4100916798283333332, "2018-09-01"]
"6449"	[13953479170000000000, "2019-02-01"]
"6724"	[44150384056165203, "2019-05-01"]
"2647"	[53849290107000000000, "2018-01-01"]
"2596"	[81924528013456760354, "2018-01-01"]
"3909"	[5960403470000000000, "2018-06-01"]
"4439"	[3625232629251454345, "2018-08-01"]
"2244"	[17359905362694017000, "2017-09-01"]
"3530"	[31155693389767832700, "2018-05-01"]
"5080"	[11713856800000000000, "2018-08-01"]
"5785"	[3033135140000000000, "2018-09-01"]
"5932"	[22100467040000000000, "2018-10-01"]
"6684"	[4308513914976406262, "2019-06-01"]
"5024"	[51752340507942464000, "2018-08-01"]
"5820"	[3399420400000000000, "2018-09-01"]
"3698"	[49003955315555739698, "2018-06-01"]
"4250"	[4775000000000000000, "2018-06-01"]
"2219"	[122000000000000000000, "2017-09-01"]
"4427"	[2151099033635863693, "2019-01-01"]
"4539"	[23957344090000000000, "2018-07-01"]
"3663"	[18030276800000000000, "2018-05-01"]
"2936"	[1000000000000000000, "2018-02-01"]
"4267"	[23820926220000000000, "2018-06-01"]
"2803"	[1000000000000000000, "2018-02-01"]
"2706"	[4066502000000000000, "2018-04-01"]
"4994"	[20715237178580499506, "2018-08-01"]
"78"	[1489557200000000000, "2017-11-01"]
"3812"	[3054309880000000000, "2018-05-01"]
"4516"	[438456850000000000, "2018-06-01"]
"4207"	[21455441250000000000, "2018-06-01"]
"3346"	[18192554780000000000, "2018-04-01"]
"2794"	[4000000000000000000, "2018-02-01"]
"5586"	[313780450000000000, "2018-09-01"]
"5977"	[10000000000000000, "2018-10-01"]
"5819"	[134858460000000000, "2018-09-01"]
"6509"	[9057721270000000000, "2019-03-01"]
"4486"	[7502353903000000000, "2018-09-01"]
"3191"	[16365871220000000000, "2018-04-01"]
"2206"	[5500000000000000000, "2017-09-01"]
"5929"	[2157800000000000000, "2018-10-01"]
"5098"	[500000000000000000, "2018-08-01"]
"3477"	[5471605920000000000, "2018-05-01"]
"5079"	[12291530000000000, "2018-08-01"]
"5076"	[1294215000000000000, "2018-08-01"]
"3988"	[67598347172445912992, "2018-06-01"]
"4672"	[2124352000000000000, "2018-07-01"]
"3691"	[21019361898999999777, "2018-05-01"]
"2583"	[57250000000000000000, "2017-12-01"]
"5204"	[1108916670000000000, "2018-08-01"]
"3759"	[10370265309614970624, "2018-05-01"]
"6860"	[1478174460000000000, "2019-06-01"]
"3181"	[28387325216000000000, "2018-04-01"]
"4058"	[29138679450000000000, "2018-05-01"]
"4276"	[1000000000000, "2018-06-01"]
"3229"	[3117283810000000000, "2018-04-01"]
"5127"	[1091038170000000000, "2018-08-01"]
"2245"	[16250000000000000000, "2017-09-01"]
"4238"	[3742179330000000000, "2018-06-01"]
"4352"	[24887509920000000000, "2018-07-01"]
"4479"	[7132829990000000000, "2018-07-01"]
"3374"	[36781147230697038658, "2018-04-01"]
"3130"	[4315066128000000000, "2018-03-01"]
"2810"	[102500000000000000, "2018-02-01"]
"4277"	[33008219480000000000, "2018-06-01"]
"2170"	[7625073320000000000, "2017-09-01"]
"2974"	[18905674217999999999, "2018-04-01"]
"6403"	[1000000000000000000, "2019-02-01"]
"5499"	[63679870000000000, "2018-08-01"]
"3136"	[1797542099408380473, "2018-09-01"]
"2643"	[370000000000000000, "2018-02-01"]
"3744"	[6243145197613427868, "2018-06-01"]
"5296"	[2580000000000000000, "2018-08-01"]
"5097"	[1214908580000000000, "2018-08-01"]
"3237"	[5100000000000000000, "2018-04-01"]
"4007"	[500000000000000000, "2018-06-01"]
"3240"	[29286125608962693045, "2018-04-01"]
"2618"	[13293647100000000000, "2018-01-01"]
"2248"	[5217306848514200713, "2017-09-01"]
"4406"	[2978436900000000000, "2018-06-01"]
"4363"	[1004000000000000000, "2018-06-01"]
"2249"	[3781147200060498, "2017-09-01"]
"3908"	[15376202070000000000, "2018-03-01"]
"4384"	[1318820000000000000, "2018-06-01"]
"3447"	[3500000000000000000, "2018-04-01"]
"2626"	[100000000000000000, "2018-01-01"]
"5355"	[5000000000000000000, "2018-08-01"]
"4564"	[29221099860000000000, "2018-07-01"]
"3534"	[94494128523970594607, "2018-05-01"]
"2984"	[2710979220000000000, "2018-03-01"]
"5030"	[224823440000000000, "2018-08-01"]
"4893"	[4440662540000000000, "2018-07-01"]
"5018"	[1008441070000000000, "2018-08-01"]
"4480"	[1450000000000000000, "2017-12-01"]
"5203"	[16871265680000000000, "2018-08-01"]
"2437"	[211619378295569016814, "2018-06-01"]
"2853"	[1050000000000000000, "2018-02-01"]
"3290"	[17530346890000000000, "2018-04-01"]
"4394"	[4125770200000000000, "2018-06-01"]
"6244"	[18488546800000000000, "2019-03-01"]
"6499"	[488900450000000000, "2019-06-01"]
"5637"	[2000000000000000000, "2018-09-01"]
"3652"	[10508620000000000000, "2018-05-01"]
"2273"	[1000000000000000000, "2017-09-01"]
"3598"	[24875623033263557200, "2018-05-01"]
"2988"	[888283530000000000, "2018-03-01"]
"2499"	[21024292500000000000, "2017-11-01"]
"88"	[2067750892013526763661, "2017-09-01"]
"5093"	[4741117730000000000, "2018-08-01"]
"6141"	[61966684830000000000, "2018-07-01"]
"3008"	[195168624653905372992, "2018-03-01"]
"4466"	[25814453620000000000, "2018-06-01"]
"5968"	[400000000000000000, "2018-10-01"]
"2953"	[1409799172606992278, "2018-03-01"]
"3718"	[4093628740000000000, "2018-05-01"]
"2456"	[300100000000000000, "2017-10-01"]
"3537"	[4022652210000000000, "2018-05-01"]
"5033"	[15094977685000000000, "2018-07-01"]
"2558"	[20710680000000000, "2017-12-01"]
"5243"	[11700000000000000000, "2018-08-01"]
"2218"	[2084103670000000000, "2017-09-01"]
"2436"	[156238625384047716647, "2018-01-01"]
"5077"	[1610905388580499506, "2018-08-01"]
"4424"	[17039882577446815895, "2018-06-01"]
"182"	[501593735318758887946, "2017-11-01"]
"4178"	[16240010000000000000, "2019-05-01"]
"5575"	[573141520000000000, "2018-09-01"]
"2350"	[86438134919710194809, "2017-10-01"]
"2932"	[53314947589000000000, "2018-02-01"]
"4425"	[58101398670000000000, "2018-06-01"]
"3260"	[102000000000000000000, "2018-09-01"]
"3083"	[10576877992854352660, "2018-04-01"]
"5411"	[1340078300000000000, "2018-08-01"]
"4564"	[67180857850000000000, "2018-07-01"]
"5329"	[5688068410000000000, "2018-08-01"]
"4673"	[35995612185784454976, "2018-07-01"]
"4034"	[3643334920000000000, "2018-04-01"]
"4015"	[28391227670000000000, "2018-06-01"]
"5507"	[16665748937251546510, "2018-09-01"]
"6052"	[2325932520000000000, "2018-10-01"]
"3836"	[472275734319177497769, "2018-06-01"]
"4692"	[2796129270000000000, "2018-07-01"]
"5607"	[570993300000000000, "2018-09-01"]
"4277"	[5548101000000000000, "2018-06-01"]
"5320"	[450000000000000000, "2018-08-01"]
"4892"	[4000000000000000000, "2018-07-01"]
"5807"	[16458461090000000000, "2018-09-01"]
"3977"	[990000000000000000, "2018-05-01"]
"3968"	[26910966660000000000, "2018-03-01"]
"3597"	[6402363580000000000, "2018-06-01"]
"6677"	[17810676610000000000, "2019-05-01"]
"3646"	[3500000000000000, "2018-05-01"]
"2193"	[882710017471720973607, "2017-12-01"]
"3214"	[48764859096932248720, "2018-04-01"]
"3058"	[320000000000000000, "2018-03-01"]
"5196"	[38770235250000000000, "2018-08-01"]
"2233"	[23134788210400000000, "2017-09-01"]
"4252"	[21393160390000000000, "2018-06-01"]
"4541"	[1001873760000000000, "2018-06-01"]
"2996"	[4640305270000000000, "2018-03-01"]
"4009"	[1844251630000000000, "2018-06-01"]
"5914"	[3727000000000000000, "2018-10-01"]
"5027"	[13168605703427416115, "2018-07-01"]
"3610"	[8471433500000000000, "2018-05-01"]
"6773"	[94481990890000000000, "2019-06-01"]
"3658"	[8237976780000000000, "2018-05-01"]
"4385"	[1834489480000000000, "2018-06-01"]
"5169"	[2051197890000000000, "2018-08-01"]
"4465"	[2495000000000000000, "2018-09-01"]
"6834"	[1994377180000000000, "2019-06-01"]
"3244"	[2597780152763140452, "2018-06-01"]
"6788"	[4989949600000000000, "2019-06-01"]
"6378"	[21447064434500001024, "2019-04-01"]
"5396"	[7477821704100000000, "2018-08-01"]
"5751"	[953400000000000, "2018-06-01"]
"3692"	[4332115300000000000, "2018-05-01"]
"4804"	[38437554360000000000, "2018-02-01"]
"2223"	[36388760018000000000, "2017-09-01"]
"3457"	[11231014000000000, "2018-04-01"]
"5245"	[23976787741116552824, "2018-08-01"]
"3039"	[99898361239945881210, "2018-07-01"]
"4446"	[23993326930000000000, "2018-08-01"]
"4500"	[100000000000000000, "2018-07-01"]
"3335"	[24725907800000000000, "2018-04-01"]
"2806"	[2439935050000000000, "2018-02-01"]
"3154"	[11270496105429947600, "2018-04-01"]
"4823"	[500000000000000000, "2018-07-01"]
"3017"	[782275464297225221, "2019-02-01"]
"3450"	[16940375080000000000, "2018-04-01"]
"3987"	[108738450000000000, "2018-06-01"]
"5526"	[32763014476708054441, "2018-09-01"]
"3449"	[1515472979116782, "2017-12-01"]
"5409"	[939000000000000000, "2018-09-01"]
"3823"	[510000000000000000, "2018-05-01"]
"3965"	[2523568520000000000, "2018-04-01"]
"4799"	[10011388224498778461, "2018-07-01"]
"5166"	[5199882970000000000, "2018-08-01"]
"4258"	[100000000000000000, "2018-08-01"]
"5255"	[1000000000000000000, "2018-08-01"]
"4479"	[10061810330000000000, "2018-07-01"]
"4174"	[6800000000000000000, "2018-06-01"]
"3648"	[27557129230000000000, "2018-05-01"]
"2221"	[4054507554600000000, "2017-09-01"]
"3871"	[1500000000000000000, "2018-05-01"]
"3531"	[2076099081443788787, "2018-04-01"]
"3024"	[446000000000000000, "2018-05-01"]
"3296"	[15574889050000000000, "2018-04-01"]
"2424"	[3400000000000000000, "2017-11-01"]
"6403"	[15441257550000000000, "2019-02-01"]
"3691"	[22838705372573037585, "2018-05-01"]
"5248"	[4347659830000000000, "2018-08-01"]
"3647"	[4010108990000000000, "2018-05-01"]
"5738"	[18888061483187084144, "2018-09-01"]
"4260"	[599832000000000000, "2018-06-01"]
"3796"	[711200000000000000, "2018-05-01"]
"3089"	[3499958000000000000, "2018-03-01"]
"3911"	[3500000000000000000, "2018-05-01"]
"4297"	[4143986980000000000, "2018-06-01"]
"3633"	[1190000000000000000, "2018-05-01"]
"3041"	[12610000000000000000, "2018-03-01"]
"6587"	[5162878990000000000, "2019-04-01"]
"2950"	[1225000000000000000, "2018-02-01"]
"3986"	[26249251600000000000, "2018-06-01"]
"3696"	[26294205520000000000, "2018-05-01"]
"5627"	[4650541500000000000, "2018-09-01"]
"6682"	[45708206016991936000, "2019-06-01"]
"3279"	[388519530000000000, "2018-04-01"]
"2307"	[87105356056000000000, "2017-10-01"]
"4040"	[14270000000000000000, "2018-06-01"]
"5232"	[999874040000000000, "2018-08-01"]
"5527"	[1001000000000000000, "2018-08-01"]
"5672"	[15988792670000000000, "2018-09-01"]
"3372"	[7887998354356000000, "2018-02-01"]
"6185"	[41236500483783651869, "2018-12-01"]
"5845"	[2000000000000000000, "2018-09-01"]
"3750"	[519659690000000000, "2018-05-01"]
"2429"	[2250000000000000000, "2017-11-01"]
"2793"	[2935673000000000000, "2018-02-01"]
"2696"	[10901821620000000000, "2018-01-01"]
"6255"	[1672865727878116684, "2018-10-01"]
"3502"	[20983503735255777121, "2018-05-01"]
"5651"	[26679760433000000000, "2018-10-01"]
"3975"	[26485769444897392710, "2018-06-01"]
"3431"	[127442053182156271, "2018-05-01"]
"5503"	[640000000000000000, "2018-08-01"]
"3712"	[25824778628581274903, "2018-05-01"]
"3361"	[510000000000000000, "2018-04-01"]
"2821"	[10352846105001192466, "2018-02-01"]
"5896"	[600000000000000000, "2018-09-01"]
"6366"	[16549421739300723, "2018-12-01"]
"3485"	[12489420000000000000, "2018-05-01"]
"2496"	[1209559000000000000, "2017-11-01"]
"5145"	[487815600000000000, "2018-08-01"]
"3873"	[84000000000000000, "2018-05-01"]
"3600"	[12016799805000000000, "2018-05-01"]
"3771"	[5868778226777777777, "2018-05-01"]
"2522"	[100000000000000000, "2017-12-01"]
"3554"	[4485371400000000000, "2018-05-01"]
"3949"	[13479132980000000000, "2018-03-01"]
"3313"	[14901222319400000000, "2018-04-01"]
"4035"	[1200000000000000000, "2018-05-01"]
"3136"	[100500000000000000, "2018-10-01"]
"2502"	[2100000000000000000, "2017-12-01"]
"4012"	[50094299700287153232, "2018-06-01"]
"6050"	[2665322000000000000, "2018-12-01"]
"4025"	[2230000000000000000, "2018-06-01"]
"2468"	[105040605690000000000, "2017-12-01"]
"3528"	[22063175155000000000, "2018-05-01"]
"4867"	[17599654487871044467, "2018-12-01"]
"4175"	[2828970930000000000, "2018-07-01"]
"3013"	[630000000000000000, "2018-03-01"]
"6105"	[6377059041273366650, "2018-11-01"]
"2968"	[200000000000000000, "2018-03-01"]
"2651"	[1200000000000000089, "2018-01-01"]
"5171"	[2247408020000000000, "2018-08-01"]
"5267"	[1066117900000000000, "2018-08-01"]
"5868"	[321809916469400593177, "2019-01-01"]
"5449"	[5653966131000000000, "2018-07-01"]
"3430"	[11318974370000000000, "2018-04-01"]
"2977"	[3245431703000001000, "2018-03-01"]
"5184"	[223487000000000000, "2018-07-01"]
"4517"	[21059795827561704280, "2018-07-01"]
"3862"	[20850381650000000000, "2018-05-01"]
"2680"	[24197248980000000000, "2018-01-01"]
"90"	[1990757131520806579663, "2017-09-01"]
"4372"	[15011227811000000000, "2018-07-01"]
"6267"	[27128941884428343870, "2018-12-01"]
"2715"	[86194267810000000000, "2018-01-01"]
"4424"	[24268098300000000000, "2018-06-01"]
"5236"	[6184872950000000000, "2018-08-01"]
"5222"	[6788811780000000000, "2018-08-01"]
"3556"	[4147794120000000000, "2018-09-01"]
"2733"	[4474379630000000000, "2018-01-01"]
"3332"	[20741447450000000000, "2018-04-01"]
"5735"	[167212381763333891955, "2018-10-01"]
"4023"	[4316420000000000000, "2018-05-01"]
"2143"	[279754154800000000000, "2017-10-01"]
"3629"	[7911420158000000000, "2018-05-01"]
"5162"	[1145953440000000000, "2018-08-01"]
"2939"	[7279750918130967850, "2018-02-01"]
"3384"	[20411320570000000000, "2018-04-01"]
"5267"	[2013958000000000000, "2018-08-01"]
"3890"	[1500000000000000000, "2018-05-01"]
"3455"	[28101040950000000000, "2018-04-01"]
"3769"	[22441146369905699902, "2018-05-01"]
"5103"	[5000000000000000000, "2018-08-01"]
"6028"	[1343284000000000000, "2018-11-01"]
"4297"	[500000000000000000, "2018-08-01"]
"5601"	[8748842603614342464, "2018-10-01"]
"6778"	[8937816410000000000, "2019-06-01"]
"3941"	[15527628030000000000, "2018-05-01"]
"2"	[367213129801142946893, "2017-08-01"]
"5664"	[15564686090000000000, "2018-09-01"]
"6006"	[1000000000000000000, "2018-10-01"]
"3505"	[3755097300000000000, "2018-04-01"]
"4229"	[9753306970000000000, "2018-05-01"]
"2959"	[2506000000000000000, "2018-04-01"]
"3031"	[22667798470000000000, "2018-03-01"]
"4791"	[97433346340895549327, "2018-07-01"]
"2462"	[100000000000000000, "2017-11-01"]
"2754"	[18993363441000000000, "2018-02-01"]
"2163"	[366720446082568415499, "2017-10-01"]
"3994"	[9553851330000000000, "2018-06-01"]
"3536"	[14647734341631774479, "2018-05-01"]
"4494"	[614590000000000000, "2018-11-01"]
"2918"	[12657577560000000000, "2018-02-01"]
"3081"	[182614271102253572972, "2018-05-01"]
"2725"	[35142868161000000000, "2018-01-01"]
"3478"	[3790420000000000000, "2018-05-01"]
"5075"	[990000000000000000, "2018-08-01"]
"5612"	[26317146882000000000, "2018-09-01"]
"6564"	[28657852107604939776, "2019-04-01"]
"6121"	[4976154460000000000, "2018-07-01"]
"6587"	[7229932780000000000, "2019-04-01"]
"3751"	[2103858357520600753, "2018-05-01"]
"5392"	[6680061500000000000, "2018-08-01"]
"4297"	[1493343730000000000, "2018-08-01"]
"5218"	[2418228350000000, "2018-08-01"]
"3603"	[848858050495229475, "2018-08-01"]
"2897"	[7095581566000000000, "2018-02-01"]
"6191"	[2599824050000000000, "2019-04-01"]
"4527"	[310000000000000000, "2018-07-01"]
"4222"	[26131662470000000000, "2018-04-01"]
"5102"	[2200000000000000000, "2018-08-01"]
"4204"	[105729000000000000000, "2018-06-01"]
"3375"	[16910577590000000000, "2018-04-01"]
"2433"	[15194997770000000000, "2017-11-01"]
"6763"	[2000000000000000000, "2019-06-01"]
"6464"	[4064614540000000000, "2019-02-01"]
"4259"	[2656525610000000000, "2018-06-01"]
"4027"	[39733002400000000000, "2018-06-01"]
"6754"	[5701501570000000000, "2019-06-01"]
"2306"	[29500000000000000000, "2017-10-01"]
"5279"	[1496430030000000000, "2018-08-01"]
"3688"	[2137184590000000000, "2018-04-01"]
"5150"	[3480000000000000000, "2018-08-01"]
"2534"	[500000000000000000, "2017-12-01"]
"2980"	[24319820533409553850, "2018-03-01"]
